,avgtempo,base_name,filename_sv,instrument,performer,recording_year,title,tuning_frequency,intensity_5_to_95_percentile_range,num_notes
ArtPepper_Anthropology_FINAL,218.8,ArtPepper_Anthropology_FINAL,ArtPepper_Anthropology_FINAL.sv,cl,Art Pepper,1979,Anthropology,440.043,9.40860780549,503.0
ArtPepper_BluesforBlanche_FINAL,198.9,ArtPepper_BluesforBlanche_FINAL,ArtPepper_BluesforBlanche_FINAL.sv,as,Art Pepper,1979,Blues for Blanche,439.417,7.07434662637,601.0
ArtPepper_Desafinado_FINAL,140.5,ArtPepper_Desafinado_FINAL,ArtPepper_Desafinado_FINAL.sv,as,Art Pepper,1979,Desafinado,438.995,11.8170507825,360.0
ArtPepper_InAMellowTone_FINAL,167.6,ArtPepper_InAMellowTone_FINAL,ArtPepper_InAMellowTone_FINAL.sv,cl,Art Pepper,1979,In A Mellow Tone,439.587,12.0856405943,557.0
ArtPepper_Stardust-1_FINAL,60.7,ArtPepper_Stardust-1_FINAL,ArtPepper_Stardust-1_FINAL.sv,as,Art Pepper,1979,Stardust,439.507,12.4640042806,577.0
ArtPepper_Stardust-2_FINAL,60.2,ArtPepper_Stardust-2_FINAL,ArtPepper_Stardust-2_FINAL.sv,as,Art Pepper,1979,Stardust,439.449,11.9120628698,882.0
BennyCarter_IGotItBad_FINAL,68.2,BennyCarter_IGotItBad_FINAL,BennyCarter_IGotItBad_FINAL.sv,as,Benny Carter,1952,I Got It Bad,441.817,17.5452445247,445.0
BennyCarter_It'sAWonderfulWorld-1_FINAL,124.2,BennyCarter_It'sAWonderfulWorld-1_FINAL,BennyCarter_It'sAWonderfulWorld-1_FINAL.sv,as,Benny Carter,1986,It's a Wonderful World,444.991,8.90379162852,413.0
BennyCarter_It'sAWonderfulWorld-2_FINAL,127.2,BennyCarter_It'sAWonderfulWorld-2_FINAL,BennyCarter_It'sAWonderfulWorld-2_FINAL.sv,as,Benny Carter,1986,It's a Wonderful World,445.733,7.76528007926,303.0
BennyCarter_LongAgoAndFarAway-1_FINAL,185.0,BennyCarter_LongAgoAndFarAway-1_FINAL,BennyCarter_LongAgoAndFarAway-1_FINAL.sv,as,Benny Carter,1952,Long Ago And Far Away,442.099,16.273988048,373.0
BennyCarter_SweetLorraine_FINAL,91.5,BennyCarter_SweetLorraine_FINAL,BennyCarter_SweetLorraine_FINAL.sv,as,Benny Carter,1986,Sweet Lorraine,445.226,10.2088310662,257.0
BennyGoodman_Avalon_FINAL,241.0,BennyGoodman_Avalon_FINAL,BennyGoodman_Avalon_FINAL.sv,cl,Benny Goodman,1937,Avalon,437.726,10.5954825667,534.0
BennyGoodman_HandfulOfKeys_FINAL,303.1,BennyGoodman_HandfulOfKeys_FINAL,BennyGoodman_HandfulOfKeys_FINAL.sv,cl,Benny Goodman,1937,Handful of Keys,444.425,12.8820274694,385.0
BennyGoodman_Nobody'sSweetheart_FINAL,311.3,BennyGoodman_Nobody'sSweetheart_FINAL,BennyGoodman_Nobody'sSweetheart_FINAL.sv,cl,Benny Goodman,1936,Nobody's Sweetheart,441.112,9.09482254212,229.0
BennyGoodman_Runnin'Wild_FINAL,285.0,BennyGoodman_Runnin'Wild_FINAL,BennyGoodman_Runnin'Wild_FINAL.sv,cl,Benny Goodman,1937,Runnin' Wild,440.423,10.8384056243,222.0
BennyGoodman_TigerRag-1_FINAL,268.0,BennyGoodman_TigerRag-1_FINAL,BennyGoodman_TigerRag-1_FINAL.sv,cl,Benny Goodman,1936,Tiger Rag,437.753,16.0103417174,347.0
BennyGoodman_TigerRag-2_FINAL,271.2,BennyGoodman_TigerRag-2_FINAL,BennyGoodman_TigerRag-2_FINAL.sv,cl,Benny Goodman,1936,Tiger Rag,436.76,12.9346746189,157.0
BennyGoodman_Whispering_FINAL,198.6,BennyGoodman_Whispering_FINAL,BennyGoodman_Whispering_FINAL.sv,cl,Benny Goodman,1936,Whispering,440.493,15.6411348708,80.0
BenWebster_ByeByeBlackbird_FINAL,140.8,BenWebster_ByeByeBlackbird_FINAL,BenWebster_ByeByeBlackbird_FINAL.sv,ts,Ben Webster,1959,Bye Bye Blackbird,440.78,12.1341479432,182.0
BenWebster_DidYouCallHerToday_FINAL,118.4,BenWebster_DidYouCallHerToday_FINAL,BenWebster_DidYouCallHerToday_FINAL.sv,ts,Ben Webster,1962,Did You Call Her Today,439.492,13.9668133643,141.0
BenWebster_MyIdeal_FINAL,74.2,BenWebster_MyIdeal_FINAL,BenWebster_MyIdeal_FINAL.sv,ts,Ben Webster,1956,My Ideal,442.422,15.1989392731,173.0
BenWebster_NightAndDay_FINAL,182.2,BenWebster_NightAndDay_FINAL,BenWebster_NightAndDay_FINAL.sv,ts,Ben Webster,1956,Night And Day,444.732,12.2869138528,200.0
BenWebster_WhereOrWhen_FINAL,82.1,BenWebster_WhereOrWhen_FINAL,BenWebster_WhereOrWhen_FINAL.sv,ts,Ben Webster,1956,Where or When,442.429,12.4377966699,154.0
BixBeiderbecke_I'mComingVirginia_FINAL,131.5,BixBeiderbecke_I'mComingVirginia_FINAL,BixBeiderbecke_I'mComingVirginia_FINAL.sv,cor,Bix Beiderbecke,1927,I'm Coming Virginia,451.418,11.1312183118,225.0
BixBeiderbecke_Margie_FINAL,180.0,BixBeiderbecke_Margie_FINAL,BixBeiderbecke_Margie_FINAL.sv,cor,Bix Beiderbecke,1928,Margie,438.489,7.56505940622,62.0
BixBeiderbecke_RoyalGardenBlues_FINAL,174.1,BixBeiderbecke_RoyalGardenBlues_FINAL,BixBeiderbecke_RoyalGardenBlues_FINAL.sv,cor,Bix Beiderbecke,1927,Royal Garden Blues,443.461,9.64018916318,71.0
BixBeiderbecke_SinginTheBlues_FINAL,134.0,BixBeiderbecke_SinginTheBlues_FINAL,BixBeiderbecke_SinginTheBlues_FINAL.sv,cor,Bix Beiderbecke,1927,Singin The Blues,437.278,13.5109122336,160.0
BobBerg_Angles_FINAL,270.1,BobBerg_Angles_FINAL,BobBerg_Angles_FINAL.sv,ts,Bob Berg,1993,Angles,442.229,9.67553605105,757.0
BobBerg_BluesForBela_FINAL,249.4,BobBerg_BluesForBela_FINAL,BobBerg_BluesForBela_FINAL.sv,ts,Bob Berg,1993,Blues For Bela,440.798,9.99283161399,500.0
BobBerg_IDidn'tKnowWhatTimeItWas_FINAL,126.7,BobBerg_IDidn'tKnowWhatTimeItWas_FINAL,BobBerg_IDidn'tKnowWhatTimeItWas_FINAL.sv,ts,Bob Berg,1979,I Didn't Know What Time It Was,445.491,6.96086847851,862.0
BobBerg_NatureOfTheBeast_FINAL,130.5,BobBerg_NatureOfTheBeast_FINAL,BobBerg_NatureOfTheBeast_FINAL.sv,ts,Bob Berg,1993,Nature of the Beast,442.024,10.2293002808,925.0
BobBerg_NoMoe_FINAL,161.8,BobBerg_NoMoe_FINAL,BobBerg_NoMoe_FINAL.sv,ts,Bob Berg,1993,No Moe,442.182,10.9501247194,573.0
BobBerg_SecondSight_FINAL,114.3,BobBerg_SecondSight_FINAL,BobBerg_SecondSight_FINAL.sv,ts,Bob Berg,1993,Second Sight,440.809,10.9006150251,367.0
BuckClayton_AfterTheatreJump_FINAL,175.9,BuckClayton_AfterTheatreJump_FINAL,BuckClayton_AfterTheatreJump_FINAL.sv,tp,Buck Clayton,1944,After Theatre Jump,448.172,18.7932430046,156.0
BuckClayton_DestinationK.C._FINAL,248.0,BuckClayton_DestinationK.C._FINAL,BuckClayton_DestinationK.C._FINAL.sv,tp,Buck Clayton,1944,Destination K.C.,447.272,14.9012223365,255.0
BuckClayton_Dickie'sDream_FINAL,230.8,BuckClayton_Dickie'sDream_FINAL,BuckClayton_Dickie'sDream_FINAL.sv,tp,Buck Clayton,1939,Dickie's Dream,436.418,15.3939234062,150.0
CannonballAdderley_HighFly_FINAL,128.9,CannonballAdderley_HighFly_FINAL,CannonballAdderley_HighFly_FINAL.sv,as,Cannonball Adderley,1959,High Fly,440.661,10.4922048943,529.0
CannonballAdderley_SoWhat_FINAL,142.2,CannonballAdderley_SoWhat_FINAL,CannonballAdderley_SoWhat_FINAL.sv,as,Cannonball Adderley,1959,So What,452.767,12.0128430214,424.0
CannonballAdderley_StarEyes_FINAL,193.9,CannonballAdderley_StarEyes_FINAL,CannonballAdderley_StarEyes_FINAL.sv,as,Cannonball Adderley,1961,Star Eyes,441.757,14.2609248655,411.0
CannonballAdderley_ThisHere_FINAL,174.7,CannonballAdderley_ThisHere_FINAL,CannonballAdderley_ThisHere_FINAL.sv,as,Cannonball Adderley,1959,This Here,439.646,9.02704908075,735.0
CannonballAdderley_WorkSong_FINAL,156.3,CannonballAdderley_WorkSong_FINAL,CannonballAdderley_WorkSong_FINAL.sv,as,Cannonball Adderley,1960,Work Song,439.387,12.7213250228,385.0
CharlieParker_Billie'sBounce_FINAL,158.5,CharlieParker_Billie'sBounce_FINAL,CharlieParker_Billie'sBounce_FINAL.sv,as,Charlie Parker,1945,Billie's Bounce,432.475,12.9827180056,296.0
CharlieParker_DonnaLee_FINAL,225.7,CharlieParker_DonnaLee_FINAL,CharlieParker_DonnaLee_FINAL.sv,as,Charlie Parker,1947,Donna Lee,437.019,15.056498135,357.0
CharlieParker_Ornithology_FINAL,221.0,CharlieParker_Ornithology_FINAL,CharlieParker_Ornithology_FINAL.sv,as,Charlie Parker,1946,Ornithology,438.057,13.2762625319,182.0
CharlieParker_ScrappleFromTheApple_FINAL,165.0,CharlieParker_ScrappleFromTheApple_FINAL,CharlieParker_ScrappleFromTheApple_FINAL.sv,as,Charlie Parker,1947,Scrapple From The Apple,434.914,10.4878871874,227.0
CharlieParker_ThrivingOnARiff_FINAL,227.2,CharlieParker_ThrivingOnARiff_FINAL,CharlieParker_ThrivingOnARiff_FINAL.sv,as,Charlie Parker,1945,Thriving On A Riff,432.69,15.0545301986,340.0
CharlieParker_YardbirdSuite_FINAL,202.3,CharlieParker_YardbirdSuite_FINAL,CharlieParker_YardbirdSuite_FINAL.sv,as,Charlie Parker,1946,Yardbird Suite,436.024,13.6724112022,185.0
ChetBaker_IFallInLoveToEasily_FINAL,65.2,ChetBaker_IFallInLoveToEasily_FINAL,ChetBaker_IFallInLoveToEasily_FINAL.sv,tp,Chet Baker,1954,I Fall In Love To Easily,440.143,20.5833808826,128.0
ChetBaker_JustFriends_FINAL,189.9,ChetBaker_JustFriends_FINAL,ChetBaker_JustFriends_FINAL.sv,tp,Chet Baker,1955,Just Friends,430.758,15.2861068432,190.0
ChetBaker_Let'sGetLost_FINAL,157.5,ChetBaker_Let'sGetLost_FINAL,ChetBaker_Let'sGetLost_FINAL.sv,tp,Chet Baker,1955,Let's Get Lost,433.604,13.5748724815,141.0
ChetBaker_LongAgoAndFarAway_FINAL,177.5,ChetBaker_LongAgoAndFarAway_FINAL,ChetBaker_LongAgoAndFarAway_FINAL.sv,tp,Chet Baker,1955,Long Ago And Far Away,434.145,14.5484994126,169.0
ChetBaker_Two'sBlues_FINAL,202.2,ChetBaker_Two'sBlues_FINAL,ChetBaker_Two'sBlues_FINAL.sv,tp,Chet Baker,1975,Two's Blues,440.084,7.2255778001,172.0
ChetBaker_You'dBeSoNiceToComeHomeTo_FINAL,225.4,ChetBaker_You'dBeSoNiceToComeHomeTo_FINAL,ChetBaker_You'dBeSoNiceToComeHomeTo_FINAL.sv,tp,Chet Baker,1975,You'd Be So Nice to Come Home To,439.997,5.80750140513,301.0
CliffordBrown_Daahoud_FINAL,240.9,CliffordBrown_Daahoud_FINAL,CliffordBrown_Daahoud_FINAL.sv,tp,Clifford Brown,1954,Daahoud,442.485,14.0128823356,383.0
CliffordBrown_George'sDilemma_FINAL,154.8,CliffordBrown_George'sDilemma_FINAL,CliffordBrown_George'sDilemma_FINAL.sv,tp,Clifford Brown,1955,George's Dilemma,439.364,12.7867047199,402.0
CliffordBrown_I'llRememberApril_FINAL,285.4,CliffordBrown_I'llRememberApril_FINAL,CliffordBrown_I'llRememberApril_FINAL.sv,tp,Clifford Brown,1956,I'll Remember April,440.677,14.5626659611,539.0
CliffordBrown_Jordu_FINAL,139.0,CliffordBrown_Jordu_FINAL,CliffordBrown_Jordu_FINAL.sv,tp,Clifford Brown,1954,Jordu,438.536,17.2589553898,526.0
CliffordBrown_JoySpring_FINAL,161.0,CliffordBrown_JoySpring_FINAL,CliffordBrown_JoySpring_FINAL.sv,tp,Clifford Brown,1954,Joy Spring,441.021,11.6106037429,448.0
CliffordBrown_Sandu_FINAL,139.5,CliffordBrown_Sandu_FINAL,CliffordBrown_Sandu_FINAL.sv,tp,Clifford Brown,1955,Sandu,440.928,12.8584611495,199.0
CliffordBrown_Stompin'AtTheSavoy_FINAL,163.9,CliffordBrown_Stompin'AtTheSavoy_FINAL,CliffordBrown_Stompin'AtTheSavoy_FINAL.sv,tp,Clifford Brown,1954,Stompin' At The Savoy,440.797,17.3744449249,390.0
ColemanHawkins_BodyAndSoul_FINAL,95.0,ColemanHawkins_BodyAndSoul_FINAL,ColemanHawkins_BodyAndSoul_FINAL.sv,ts,Coleman Hawkins,1939,Body And Soul,445.396,13.3976599713,617.0
ColemanHawkins_It'sOnlyAPapermoon_FINAL,133.7,ColemanHawkins_It'sOnlyAPapermoon_FINAL,ColemanHawkins_It'sOnlyAPapermoon_FINAL.sv,ts,Coleman Hawkins,1949,It's Only A Papermoon,432.744,9.58504647429,245.0
ColemanHawkins_MyBlueHeaven_FINAL,132.0,ColemanHawkins_MyBlueHeaven_FINAL,ColemanHawkins_MyBlueHeaven_FINAL.sv,ts,Coleman Hawkins,1950,My Blue Heaven,443.561,12.9315436132,196.0
ColemanHawkins_Perdido_FINAL,177.5,ColemanHawkins_Perdido_FINAL,ColemanHawkins_Perdido_FINAL.sv,ts,Coleman Hawkins,1950,Perdido,444.047,11.3670453821,436.0
ColemanHawkins_SophisticatedLady_FINAL,67.6,ColemanHawkins_SophisticatedLady_FINAL,ColemanHawkins_SophisticatedLady_FINAL.sv,ts,Coleman Hawkins,1949,Sophisticated Lady,430.77,10.4646991184,639.0
ColemanHawkins_Stompin'AtTheSavoy_FINAL,250.2,ColemanHawkins_Stompin'AtTheSavoy_FINAL,ColemanHawkins_Stompin'AtTheSavoy_FINAL.sv,ts,Coleman Hawkins,1954,Stompin' At The Savoy,438.837,15.3236578539,327.0
DavidLiebman_NoGreaterLove_FINAL,209.1,DavidLiebman_NoGreaterLove_FINAL,DavidLiebman_NoGreaterLove_FINAL.sv,ts,David Liebman,1996,No Greater Love,440.959,10.6647382344,299.0
DavidLiebman_Pablo'sStory_FINAL,144.2,DavidLiebman_Pablo'sStory_FINAL,DavidLiebman_Pablo'sStory_FINAL.sv,ss,David Liebman,1988,Pablo's Story,443.285,10.5364362337,628.0
DavidLiebman_Pendulum_FINAL,258.6,DavidLiebman_Pendulum_FINAL,DavidLiebman_Pendulum_FINAL.sv,ss,David Liebman,1988,Pendulum,442.418,9.89582310027,564.0
DavidLiebman_SoftlyAsInAMorningSunrise_FINAL,260.7,DavidLiebman_SoftlyAsInAMorningSunrise_FINAL,DavidLiebman_SoftlyAsInAMorningSunrise_FINAL.sv,ss,David Liebman,1988,Softly As In A Morning Sunrise,442.719,8.15294338439,994.0
DavidLiebman_ThereWillNeverBeAnotherYou_FINAL,151.7,DavidLiebman_ThereWillNeverBeAnotherYou_FINAL,DavidLiebman_ThereWillNeverBeAnotherYou_FINAL.sv,ts,David Liebman,1996,There Will Never Be Another You,441.329,10.4663193747,725.0
DavidMurray_AskMeNow_FINAL,131.2,DavidMurray_AskMeNow_FINAL,DavidMurray_AskMeNow_FINAL.sv,ts,David Murray,1991,Ask Me Now,441.158,13.0145628826,261.0
DavidMurray_BluesForTwo-1_FINAL,60.4,DavidMurray_BluesForTwo-1_FINAL,DavidMurray_BluesForTwo-1_FINAL.sv,ts,David Murray,1990,Blues For Two,439.04,12.4324960569,1197.0
DavidMurray_BluesForTwo-2_FINAL,61.3,DavidMurray_BluesForTwo-2_FINAL,DavidMurray_BluesForTwo-2_FINAL.sv,ts,David Murray,1990,Blues For Two,438.844,13.8795048029,120.0
DavidMurray_BodyAndSoul-1_FINAL,65.9,DavidMurray_BodyAndSoul-1_FINAL,DavidMurray_BodyAndSoul-1_FINAL.sv,ts,David Murray,1983,Body And Soul,440.091,10.8079738277,548.0
DavidMurray_BodyAndSoul-2_FINAL,65.1,DavidMurray_BodyAndSoul-2_FINAL,DavidMurray_BodyAndSoul-2_FINAL.sv,ts,David Murray,1983,Body And Soul,440.085,10.522197666,141.0
DavidMurray_ChelseaBridge_FINAL,53.0,DavidMurray_ChelseaBridge_FINAL,DavidMurray_ChelseaBridge_FINAL.sv,ts,David Murray,1990,Chelsea Bridge,438.741,12.2011097735,557.0
DexterGordon_Cheesecake_FINAL,220.9,DexterGordon_Cheesecake_FINAL,DexterGordon_Cheesecake_FINAL.sv,ts,Dexter Gordon,1962,Cheese Cake,440.041,10.3314848976,572.0
DexterGordon_Montmartre_FINAL,204.2,DexterGordon_Montmartre_FINAL,DexterGordon_Montmartre_FINAL.sv,ts,Dexter Gordon,1969,Montmartre,439.396,10.2985921255,651.0
DexterGordon_SocietyRed_FINAL,113.7,DexterGordon_SocietyRed_FINAL,DexterGordon_SocietyRed_FINAL.sv,ts,Dexter Gordon,1961,Society Red,440.068,11.6157112645,1001.0
DexterGordon_StanleyTheSteamer_FINAL,181.2,DexterGordon_StanleyTheSteamer_FINAL,DexterGordon_StanleyTheSteamer_FINAL.sv,ts,Dexter Gordon,1969,Stanley The Steamer,439.994,11.6632260357,750.0
DexterGordon_TheRainbowPeople_FINAL,120.0,DexterGordon_TheRainbowPeople_FINAL,DexterGordon_TheRainbowPeople_FINAL.sv,ts,Dexter Gordon,1969,The Rainbow People,439.848,10.7357988584,719.0
DickieWells_AfterTheatreJump_FINAL,173.5,DickieWells_AfterTheatreJump_FINAL,DickieWells_AfterTheatreJump_FINAL.sv,tb,Dickie Wells,1944,After Theatre Jump,448.362,8.90271126623,158.0
DickieWells_DestinationK.C._FINAL,249.1,DickieWells_DestinationK.C._FINAL,DickieWells_DestinationK.C._FINAL.sv,tb,Dickie Wells,1944,Destination K.C.,446.821,10.8915044593,121.0
DickieWells_Dickie'sDream_FINAL,229.4,DickieWells_Dickie'sDream_FINAL,DickieWells_Dickie'sDream_FINAL.sv,tb,Dickie Wells,1939,Dickie's Dream,435.235,10.4462034789,108.0
DizzyGillespie_Anthropology_FINAL,245.7,DizzyGillespie_Anthropology_FINAL,DizzyGillespie_Anthropology_FINAL.sv,tp,Dizzy Gillespie,1946,Anthropology,437.385,7.34061572922,157.0
DizzyGillespie_Be=Bop_FINAL,290.2,DizzyGillespie_Be=Bop_FINAL,DizzyGillespie_Be=Bop_FINAL.sv,tp,Dizzy Gillespie,1945,Be-Bop,439.754,13.7152934355,486.0
DizzyGillespie_CognacBlues_FINAL,113.6,DizzyGillespie_CognacBlues_FINAL,DizzyGillespie_CognacBlues_FINAL.sv,tp,Dizzy Gillespie,1952,Cognac Blues,433.941,9.70646046216,148.0
DizzyGillespie_Groovin'High_FINAL,181.9,DizzyGillespie_Groovin'High_FINAL,DizzyGillespie_Groovin'High_FINAL.sv,tp,Dizzy Gillespie,1945,Groovin' High,441.993,14.7384800558,391.0
DizzyGillespie_HotHouse_FINAL,171.1,DizzyGillespie_HotHouse_FINAL,DizzyGillespie_HotHouse_FINAL.sv,tp,Dizzy Gillespie,1945,Hot House,449.096,11.1118686324,201.0
DonByas_Be=Bop_FINAL,288.6,DonByas_Be=Bop_FINAL,DonByas_Be=Bop_FINAL.sv,ts,Don Byas,1945,Be-Bop,440.203,8.54478240612,318.0
DonByas_BodyAndSoul_FINAL,98.6,DonByas_BodyAndSoul_FINAL,DonByas_BodyAndSoul_FINAL.sv,ts,Don Byas,1947,Body And Soul,428.178,13.9023486685,701.0
DonByas_CognacBlues_FINAL,115.9,DonByas_CognacBlues_FINAL,DonByas_CognacBlues_FINAL.sv,ts,Don Byas,1952,Cognac Blues,432.89,10.2153238719,167.0
DonByas_HarvardBlues-1_FINAL,98.5,DonByas_HarvardBlues-1_FINAL,DonByas_HarvardBlues-1_FINAL.sv,ts,Don Byas,1945,Harvard Blues,433.772,11.4141948501,72.0
DonByas_HarvardBlues-2_FINAL,99.3,DonByas_HarvardBlues-2_FINAL,DonByas_HarvardBlues-2_FINAL.sv,ts,Don Byas,1945,Harvard Blues,434.095,11.857879305,120.0
DonByas_OutOfNowhere_FINAL,55.5,DonByas_OutOfNowhere_FINAL,DonByas_OutOfNowhere_FINAL.sv,ts,Don Byas,1945,Out Of Nowhere,435.616,12.9627840832,250.0
DonByas_UnAmourPleurait_FINAL,106.0,DonByas_UnAmourPleurait_FINAL,DonByas_UnAmourPleurait_FINAL.sv,ts,Don Byas,1952,Un Amour Pleurait,440.184,9.19733808923,294.0
EricDolphy_245_FINAL,71.2,EricDolphy_245_FINAL,EricDolphy_245_FINAL.sv,as,Eric Dolphy,1960,245,437.406,9.17368470426,643.0
EricDolphy_Aisha_FINAL,62.9,EricDolphy_Aisha_FINAL,EricDolphy_Aisha_FINAL.sv,as,Eric Dolphy,1961,Aisha,440.965,13.3696801787,349.0
EricDolphy_DahomeyDance_FINAL,128.9,EricDolphy_DahomeyDance_FINAL,EricDolphy_DahomeyDance_FINAL.sv,as,Eric Dolphy,1961,Dahomey Dance,443.183,10.7271658713,495.0
FatsNavarro_GoodBait_AlternateTake_FINAL,146.2,FatsNavarro_GoodBait_AlternateTake_FINAL,FatsNavarro_GoodBait_AlternateTake_FINAL.sv,tp,Fats Navarro,1948,Good Bait,451.105,17.2231263612,247.0
FatsNavarro_GoodBait_FINAL,147.4,FatsNavarro_GoodBait_FINAL,FatsNavarro_GoodBait_FINAL.sv,tp,Fats Navarro,1948,Good Bait,433.377,13.3276457908,276.0
FatsNavarro_OurDelight_FINAL,200.7,FatsNavarro_OurDelight_FINAL,FatsNavarro_OurDelight_FINAL.sv,tp,Fats Navarro,1948,Our Delight,438.798,12.9187608257,202.0
FatsNavarro_TheSkunk_FINAL,163.8,FatsNavarro_TheSkunk_FINAL,FatsNavarro_TheSkunk_FINAL.sv,tp,Fats Navarro,1948,The Skunk,438.756,12.0184315317,155.0
FreddieHubbard_245_FINAL,73.0,FreddieHubbard_245_FINAL,FreddieHubbard_245_FINAL.sv,tp,Freddie Hubbard,1960,245,437.574,5.38270193202,410.0
FreddieHubbard_DolphinDance_FINAL,118.9,FreddieHubbard_DolphinDance_FINAL,FreddieHubbard_DolphinDance_FINAL.sv,tp,Freddie Hubbard,1966,Dolphin Dance,435.962,14.7780625723,402.0
FreddieHubbard_DownUnder_FINAL,146.1,FreddieHubbard_DownUnder_FINAL,FreddieHubbard_DownUnder_FINAL.sv,tp,Freddie Hubbard,1961,Down Under,440.669,8.78481282773,105.0
FreddieHubbard_MaidenVoyage_FINAL,123.4,FreddieHubbard_MaidenVoyage_FINAL,FreddieHubbard_MaidenVoyage_FINAL.sv,tp,Freddie Hubbard,1965,Maiden Voyage,437.623,13.1256757378,404.0
FreddieHubbard_SocietyRed_FINAL,113.6,FreddieHubbard_SocietyRed_FINAL,FreddieHubbard_SocietyRed_FINAL.sv,tp,Freddie Hubbard,1961,Society Red,440.66,10.8348449581,445.0
FreddieHubbard_SpeakNoEvil_FINAL,143.2,FreddieHubbard_SpeakNoEvil_FINAL,FreddieHubbard_SpeakNoEvil_FINAL.sv,tp,Freddie Hubbard,1964,Speak No Evil,439.448,11.8848030471,237.0
GerryMulligan_LineForLyons_FINAL,173.1,GerryMulligan_LineForLyons_FINAL,GerryMulligan_LineForLyons_FINAL.sv,bs,Gerry Mulligan,1957,Line For Lyons,452.746,12.9974792438,196.0
GerryMulligan_ScrappleFromTheApple_FINAL,252.0,GerryMulligan_ScrappleFromTheApple_FINAL,GerryMulligan_ScrappleFromTheApple_FINAL.sv,bs,Gerry Mulligan,1957,Scrapple From The Apple,441.367,8.83158761997,652.0
GerryMulligan_WalkingShoes_FINAL,137.2,GerryMulligan_WalkingShoes_FINAL,GerryMulligan_WalkingShoes_FINAL.sv,bs,Gerry Mulligan,1952,Walking Shoes,431.963,11.080213649,201.0
HankMobley_Doodlin'_FINAL,121.3,HankMobley_Doodlin'_FINAL,HankMobley_Doodlin'_FINAL.sv,ts,Hank Mobley,1954,Doodlin',439.433,11.3437601519,276.0
HankMobley_LadyBird_FINAL,220.7,HankMobley_LadyBird_FINAL,HankMobley_LadyBird_FINAL.sv,ts,Hank Mobley,1955,Lady Bird,438.357,10.5852373952,490.0
HankMobley_SoulStation_FINAL,101.6,HankMobley_SoulStation_FINAL,HankMobley_SoulStation_FINAL.sv,ts,Hank Mobley,1960,Soul Station,439.035,9.16618088856,689.0
JJJohnson_BlueMode_FINAL,64.1,JJJohnson_BlueMode_FINAL,JJJohnson_BlueMode_FINAL.sv,tb,J.J. Johnson,1949,Blue Mode,435.46,14.3813825411,222.0
JJJohnson_BluesInTheCloset_FINAL,234.4,JJJohnson_BluesInTheCloset_FINAL,JJJohnson_BluesInTheCloset_FINAL.sv,tb,J.J. Johnson,1957,Blues In The Closet,439.822,12.8137503665,796.0
JJJohnson_CrazyRhythm_FINAL,277.3,JJJohnson_CrazyRhythm_FINAL,JJJohnson_CrazyRhythm_FINAL.sv,tb,J.J. Johnson,1957,Crazy Rhythm,438.971,10.919025536,586.0
JJJohnson_Elora_FINAL,196.9,JJJohnson_Elora_FINAL,JJJohnson_Elora_FINAL.sv,tb,J.J. Johnson,1949,Elora,435.478,10.7970145546,136.0
JJJohnson_Yesterdays_FINAL,125.1,JJJohnson_Yesterdays_FINAL,JJJohnson_Yesterdays_FINAL.sv,tb,J.J. Johnson,1957,Yesterdays,439.002,13.8986176993,476.0
JoeHenderson_In'NOut-1_FINAL,276.7,JoeHenderson_In'NOut-1_FINAL,JoeHenderson_In'NOut-1_FINAL.sv,ts,Joe Henderson,1964,In 'N Out,436.703,9.59549021423,1049.0
JoeHenderson_In'NOut-2_FINAL,299.5,JoeHenderson_In'NOut-2_FINAL,JoeHenderson_In'NOut-2_FINAL.sv,ts,Joe Henderson,1964,In 'N Out,437.023,9.24027378968,481.0
JoeHenderson_JohnnyComeLately_FINAL,247.6,JoeHenderson_JohnnyComeLately_FINAL,JoeHenderson_JohnnyComeLately_FINAL.sv,ts,Joe Henderson,1991,Johnny Come Lately,441.47,8.48661776969,525.0
JoeHenderson_Punjab_FINAL,160.1,JoeHenderson_Punjab_FINAL,JoeHenderson_Punjab_FINAL.sv,ts,Joe Henderson,1964,Punjab,437.078,10.5142864202,671.0
JoeHenderson_Serenity_FINAL,157.3,JoeHenderson_Serenity_FINAL,JoeHenderson_Serenity_FINAL.sv,ts,Joe Henderson,1964,Serenity,437.165,10.5129242688,506.0
JoeHenderson_U.M.M.G._FINAL,219.2,JoeHenderson_U.M.M.G._FINAL,JoeHenderson_U.M.M.G._FINAL.sv,ts,Joe Henderson,1991,U.M.M.G.,441.874,9.11989633505,303.0
JoeLovano_BodyAndSoul-1_FINAL,60.5,JoeLovano_BodyAndSoul-1_FINAL,JoeLovano_BodyAndSoul-1_FINAL.sv,ts,Joe Lovano,1991,Body and Soul,438.656,10.633498646,958.0
JoeLovano_BodyAndSoul-2_FINAL,59.6,JoeLovano_BodyAndSoul-2_FINAL,JoeLovano_BodyAndSoul-2_FINAL.sv,ts,Joe Lovano,1991,Body and Soul,438.678,11.523813856,204.0
JoeLovano_CentralParkWest_FINAL,62.6,JoeLovano_CentralParkWest_FINAL,JoeLovano_CentralParkWest_FINAL.sv,ts,Joe Lovano,1991,Central Park West,439.502,9.23167599381,697.0
JoeLovano_ICan'tGetStarted_FINAL,106.8,JoeLovano_ICan'tGetStarted_FINAL,JoeLovano_ICan'tGetStarted_FINAL.sv,ts,Joe Lovano,1994,I Can't Get Started,441.897,15.515153101,906.0
JoeLovano_Lonnie'sLament-1_FINAL,201.0,JoeLovano_Lonnie'sLament-1_FINAL,JoeLovano_Lonnie'sLament-1_FINAL.sv,ts,Joe Lovano,1994,Lonnie's Lament,439.715,11.916615268,815.0
JoeLovano_Work_FINAL,208.7,JoeLovano_Work_FINAL,JoeLovano_Work_FINAL.sv,ss,Joe Lovano,1991,Work,438.58,10.4880690546,550.0
JohnColtrane_26=2_FINAL,194.5,JohnColtrane_26=2_FINAL,JohnColtrane_26=2_FINAL.sv,ts,John Coltrane,1960,26-2,438.492,7.50674727691,637.0
JohnColtrane_BlueTrain_FINAL,141.4,JohnColtrane_BlueTrain_FINAL,JohnColtrane_BlueTrain_FINAL.sv,ts,John Coltrane,1957,Blue Train,440.508,7.89131948469,944.0
JohnColtrane_Countdown_FINAL,337.6,JohnColtrane_Countdown_FINAL,JohnColtrane_Countdown_FINAL.sv,ts,John Coltrane,1959,Countdown,439.238,10.4534450628,762.0
JohnColtrane_GiantSteps-1_FINAL,290.3,JohnColtrane_GiantSteps-1_FINAL,JohnColtrane_GiantSteps-1_FINAL.sv,ts,John Coltrane,1959,Giant Steps,439.455,9.27166452291,1077.0
JohnColtrane_GiantSteps-2_FINAL,299.2,JohnColtrane_GiantSteps-2_FINAL,JohnColtrane_GiantSteps-2_FINAL.sv,ts,John Coltrane,1959,Giant Steps,439.134,9.40298429048,173.0
JohnColtrane_Mr.P.C._FINAL,258.2,JohnColtrane_Mr.P.C._FINAL,JohnColtrane_Mr.P.C._FINAL.sv,ts,John Coltrane,1959,Mr. P.C.,439.199,8.89431123229,1049.0
JohnColtrane_MyFavoriteThings-1_FINAL,179.3,JohnColtrane_MyFavoriteThings-1_FINAL,JohnColtrane_MyFavoriteThings-1_FINAL.sv,ss,John Coltrane,1960,My Favorite Things,438.277,9.4142713773,482.0
JohnColtrane_MyFavoriteThings-2_FINAL,176.5,JohnColtrane_MyFavoriteThings-2_FINAL,JohnColtrane_MyFavoriteThings-2_FINAL.sv,ss,John Coltrane,1960,My Favorite Things,438.121,11.4642315642,566.0
JohnColtrane_NatureBoy_FINAL,186.1,JohnColtrane_NatureBoy_FINAL,JohnColtrane_NatureBoy_FINAL.sv,ts,John Coltrane,1963,Nature Boy,440.031,7.36036556664,1222.0
JohnColtrane_Oleo_FINAL,266.2,JohnColtrane_Oleo_FINAL,JohnColtrane_Oleo_FINAL.sv,ts,John Coltrane,1956,Oleo,441.526,11.2778787307,632.0
JohnColtrane_SoWhat_FINAL,141.6,JohnColtrane_SoWhat_FINAL,JohnColtrane_SoWhat_FINAL.sv,ts,John Coltrane,1959,So What,451.956,13.5112238796,461.0
JoshuaRedman_BluesOnSunday_FINAL,132.7,JoshuaRedman_BluesOnSunday_FINAL,JoshuaRedman_BluesOnSunday_FINAL.sv,ts,Joshua Redman,1992,Blues On Sunday,441.675,9.42642498564,600.0
JoshuaRedman_HomeFries_FINAL,181.4,JoshuaRedman_HomeFries_FINAL,JoshuaRedman_HomeFries_FINAL.sv,ts,Joshua Redman,1996,Home Fries,439.798,9.75386001518,575.0
JoshuaRedman_IGotYou_FINAL,145.2,JoshuaRedman_IGotYou_FINAL,JoshuaRedman_IGotYou_FINAL.sv,ts,Joshua Redman,1992,I Got You,441.881,9.22925441681,300.0
JoshuaRedman_SweetSorrow_FINAL,53.0,JoshuaRedman_SweetSorrow_FINAL,JoshuaRedman_SweetSorrow_FINAL.sv,ts,Joshua Redman,1994,Sweet Sorrow,441.244,11.7497567982,492.0
JoshuaRedman_TearsInHeaven_FINAL,84.0,JoshuaRedman_TearsInHeaven_FINAL,JoshuaRedman_TearsInHeaven_FINAL.sv,ts,Joshua Redman,1993,Tears in Heaven,440.285,11.9162828181,385.0
KennyDorham_BluesInBe=Bop_FINAL,186.7,KennyDorham_BluesInBe=Bop_FINAL,KennyDorham_BluesInBe=Bop_FINAL.sv,tp,Kenny Dorham,1946,Blues In Be-Bop,433.008,16.6547090693,145.0
KennyDorham_Doodlin'_FINAL,121.1,KennyDorham_Doodlin'_FINAL,KennyDorham_Doodlin'_FINAL.sv,tp,Kenny Dorham,1954,Doodlin',439.154,14.1485079903,224.0
KennyDorham_In'NOut_FINAL,294.0,KennyDorham_In'NOut_FINAL,KennyDorham_In'NOut_FINAL.sv,tp,Kenny Dorham,1964,In 'N Out,436.841,9.22372486642,535.0
KennyDorham_LadyBird_FINAL,211.6,KennyDorham_LadyBird_FINAL,KennyDorham_LadyBird_FINAL.sv,tp,Kenny Dorham,1955,Lady Bird,437.607,13.6434913584,470.0
KennyDorham_Punjab_FINAL,154.9,KennyDorham_Punjab_FINAL,KennyDorham_Punjab_FINAL.sv,tp,Kenny Dorham,1964,Punjab,436.819,7.96222068596,384.0
KennyDorham_Serenity_FINAL,154.9,KennyDorham_Serenity_FINAL,KennyDorham_Serenity_FINAL.sv,tp,Kenny Dorham,1964,Serenity,437.224,9.7815988163,168.0
KidOry_GotNoBlues_FINAL,144.7,KidOry_GotNoBlues_FINAL,KidOry_GotNoBlues_FINAL.sv,tb,Kid Ory,1927,Got No Blues,439.722,8.57989193035,80.0
KidOry_GutBucketBlues_FINAL,149.8,KidOry_GutBucketBlues_FINAL,KidOry_GutBucketBlues_FINAL.sv,tb,Kid Ory,1925,Gut Bucket Blues,441.783,5.47691003567,43.0
KidOry_MuskratRamble_FINAL,184.0,KidOry_MuskratRamble_FINAL,KidOry_MuskratRamble_FINAL.sv,tb,Kid Ory,1926,Muskrat Ramble,438.408,12.1332060626,52.0
LeeKonitz_AllTheThingsYouAre_FINAL,192.5,LeeKonitz_AllTheThingsYouAre_FINAL,LeeKonitz_AllTheThingsYouAre_FINAL.sv,as,Lee Konitz,1955,All The Things You Are,439.755,13.5962326144,677.0
LeeKonitz_BopGoesToLeesel_FINAL,229.2,LeeKonitz_BopGoesToLeesel_FINAL,LeeKonitz_BopGoesToLeesel_FINAL.sv,as,Lee Konitz,1954,Bop Goes To Leesel,435.641,14.5582914682,411.0
LeeKonitz_Crosscurrent_FINAL,255.8,LeeKonitz_Crosscurrent_FINAL,LeeKonitz_Crosscurrent_FINAL.sv,as,Lee Konitz,1949,Crosscurrent,439.117,16.3469544367,204.0
LeeKonitz_I'llRememberApril_FINAL,211.2,LeeKonitz_I'llRememberApril_FINAL,LeeKonitz_I'llRememberApril_FINAL.sv,as,Lee Konitz,1954,I'll Remember April,437.115,14.9756634202,793.0
LeeKonitz_Wow-1_FINAL,173.7,LeeKonitz_Wow-1_FINAL,LeeKonitz_Wow-1_FINAL.sv,as,Lee Konitz,1949,Wow,437.957,13.5790326915,118.0
LesterYoung_AfterTheatreJump_FINAL,176.0,LesterYoung_AfterTheatreJump_FINAL,LesterYoung_AfterTheatreJump_FINAL.sv,ts,Lester Young,1944,After Theatre Jump,448.344,11.7673569937,300.0
LesterYoung_BodyAndSoul_FINAL,79.2,LesterYoung_BodyAndSoul_FINAL,LesterYoung_BodyAndSoul_FINAL.sv,ts,Lester Young,1942,Body And Soul,448.213,15.2511741111,234.0
LesterYoung_D.B.Blues_FINAL,151.1,LesterYoung_D.B.Blues_FINAL,LesterYoung_D.B.Blues_FINAL.sv,ts,Lester Young,1945,D.B. Blues,440.248,16.0549196704,218.0
LesterYoung_DestinationK.C._FINAL,246.0,LesterYoung_DestinationK.C._FINAL,LesterYoung_DestinationK.C._FINAL.sv,ts,Lester Young,1944,Destination K.C.,447.32,11.4902749372,248.0
LesterYoung_Dickie'sDream_FINAL,229.3,LesterYoung_Dickie'sDream_FINAL,LesterYoung_Dickie'sDream_FINAL.sv,ts,Lester Young,1939,Dickie's Dream,436.345,12.7431904276,153.0
LesterYoung_LesterLeapsIn_FINAL,251.4,LesterYoung_LesterLeapsIn_FINAL,LesterYoung_LesterLeapsIn_FINAL.sv,ts,Lester Young,1939,Lester Leaps In,442.748,13.8225335873,294.0
LouisArmstrong_BasinStreetBlues_FINAL,107.2,LouisArmstrong_BasinStreetBlues_FINAL,LouisArmstrong_BasinStreetBlues_FINAL.sv,tp,Louis Armstrong,1928,Basin Street Blues,433.256,13.2754980643,215.0
LouisArmstrong_BigButterAndEggMan_FINAL,196.7,LouisArmstrong_BigButterAndEggMan_FINAL,LouisArmstrong_BigButterAndEggMan_FINAL.sv,cor,Louis Armstrong,1926,Big Butter And Egg Man,442.577,8.37538041568,161.0
LouisArmstrong_CornetChopSuey_FINAL,192.2,LouisArmstrong_CornetChopSuey_FINAL,LouisArmstrong_CornetChopSuey_FINAL.sv,cor,Louis Armstrong,1926,Cornet Chop Suey,440.3,8.85432918939,92.0
LouisArmstrong_GutBucketBlues_FINAL,146.0,LouisArmstrong_GutBucketBlues_FINAL,LouisArmstrong_GutBucketBlues_FINAL.sv,cor,Louis Armstrong,1925,Gut Bucket Blues,442.371,6.02870941131,47.0
LouisArmstrong_MuskratRamble_FINAL,183.7,LouisArmstrong_MuskratRamble_FINAL,LouisArmstrong_MuskratRamble_FINAL.sv,cor,Louis Armstrong,1926,Muskrat Ramble,437.884,9.13477415629,81.0
LouisArmstrong_OnceInAWhile_FINAL,197.7,LouisArmstrong_OnceInAWhile_FINAL,LouisArmstrong_OnceInAWhile_FINAL.sv,cor,Louis Armstrong,1927,Once In A While,439.948,11.2162193705,185.0
MichaelBrecker_CabinFever_FINAL,299.9,MichaelBrecker_CabinFever_FINAL,MichaelBrecker_CabinFever_FINAL.sv,ts,Michael Brecker,1996,Cabin Fever,438.037,9.50141764276,1066.0
MichaelBrecker_DeltaCityBlues_FINAL,281.7,MichaelBrecker_DeltaCityBlues_FINAL,MichaelBrecker_DeltaCityBlues_FINAL.sv,ts,Michael Brecker,1998,Delta City Blues,439.327,8.84674421074,512.0
MichaelBrecker_MidnightVoyage_FINAL,125.6,MichaelBrecker_MidnightVoyage_FINAL,MichaelBrecker_MidnightVoyage_FINAL.sv,ts,Michael Brecker,1996,Midnight Voyage,440.816,9.92425714843,562.0
MichaelBrecker_NeverAlone_FINAL,48.8,MichaelBrecker_NeverAlone_FINAL,MichaelBrecker_NeverAlone_FINAL.sv,ts,Michael Brecker,1990,Never Alone,440.048,10.10436712,299.0
MichaelBrecker_NothingPersonal_FINAL,243.8,MichaelBrecker_NothingPersonal_FINAL,MichaelBrecker_NothingPersonal_FINAL.sv,ts,Michael Brecker,1987,Nothing Personal,440.612,9.99385777035,654.0
MichaelBrecker_Peep_FINAL,319.7,MichaelBrecker_Peep_FINAL,MichaelBrecker_Peep_FINAL.sv,ts,Michael Brecker,1990,Peep,440.709,10.4932922044,969.0
MilesDavis_Airegin_FINAL,241.3,MilesDavis_Airegin_FINAL,MilesDavis_Airegin_FINAL.sv,tp,Miles Davis,1954,Airegin,444.194,11.2291466548,423.0
MilesDavis_BluesByFive_FINAL,177.9,MilesDavis_BluesByFive_FINAL,MilesDavis_BluesByFive_FINAL.sv,tp,Miles Davis,1956,Blues By Five,442.797,11.7239378216,362.0
MilesDavis_Dolores_FINAL,274.6,MilesDavis_Dolores_FINAL,MilesDavis_Dolores_FINAL.sv,tp,Miles Davis,1966,Dolores,441.117,13.5808561006,446.0
MilesDavis_Eighty=One_FINAL,138.3,MilesDavis_Eighty=One_FINAL,MilesDavis_Eighty=One_FINAL.sv,tp,Miles Davis,1964,Eighty-One,439.068,14.7005134647,360.0
MilesDavis_Oleo-1_FINAL,271.1,MilesDavis_Oleo-1_FINAL,MilesDavis_Oleo-1_FINAL.sv,tp,Miles Davis,1956,Oleo,441.455,9.36082215205,221.0
MilesDavis_Oleo-2_FINAL,268.0,MilesDavis_Oleo-2_FINAL,MilesDavis_Oleo-2_FINAL.sv,tp,Miles Davis,1956,Oleo,442.564,12.6221681465,215.0
MilesDavis_SoWhat_FINAL,138.5,MilesDavis_SoWhat_FINAL,MilesDavis_SoWhat_FINAL.sv,tp,Miles Davis,1959,So What,450.961,17.081008416,217.0
MilesDavis_VierdBlues_FINAL,114.7,MilesDavis_VierdBlues_FINAL,MilesDavis_VierdBlues_FINAL.sv,tp,Miles Davis,1956,Vierd Blues,439.782,11.3380081268,144.0
OrnetteColeman_BirdFood_FINAL,255.8,OrnetteColeman_BirdFood_FINAL,OrnetteColeman_BirdFood_FINAL.sv,as,Ornette Coleman,1959,Bird Food,438.473,15.1578707463,567.0
OrnetteColeman_Chronology_FINAL,236.0,OrnetteColeman_Chronology_FINAL,OrnetteColeman_Chronology_FINAL.sv,as,Ornette Coleman,1959,Chronology,441.474,12.7285078692,638.0
OrnetteColeman_Congeniality_FINAL,232.6,OrnetteColeman_Congeniality_FINAL,OrnetteColeman_Congeniality_FINAL.sv,as,Ornette Coleman,1959,Congeniality,440.407,14.4363480421,654.0
OrnetteColeman_Peace_FINAL,125.7,OrnetteColeman_Peace_FINAL,OrnetteColeman_Peace_FINAL.sv,as,Ornette Coleman,1959,Peace,442.909,15.4326444671,410.0
OrnetteColeman_Ramblin'_FINAL,201.3,OrnetteColeman_Ramblin'_FINAL,OrnetteColeman_Ramblin'_FINAL.sv,as,Ornette Coleman,1959,Ramblin',436.785,14.2087479967,440.0
PaulDesmond_Alianca-1_FINAL,232.7,PaulDesmond_Alianca-1_FINAL,PaulDesmond_Alianca-1_FINAL.sv,as,Paul Desmond,1964,Alianca,436.649,9.17566332971,199.0
PaulDesmond_Alianca-2_FINAL,235.9,PaulDesmond_Alianca-2_FINAL,PaulDesmond_Alianca-2_FINAL.sv,as,Paul Desmond,1964,Alianca,436.366,9.15140206235,102.0
PaulDesmond_AloneTogether_FINAL,199.9,PaulDesmond_AloneTogether_FINAL,PaulDesmond_AloneTogether_FINAL.sv,as,Paul Desmond,1963,Alone Together,441.893,10.6280692037,576.0
PaulDesmond_BlueRondoALaTurk_FINAL,117.1,PaulDesmond_BlueRondoALaTurk_FINAL,PaulDesmond_BlueRondoALaTurk_FINAL.sv,as,Paul Desmond,1959,Blue Rondo a la Turk,446.772,12.4358944257,327.0
PaulDesmond_BossaAntigua_FINAL,191.6,PaulDesmond_BossaAntigua_FINAL,PaulDesmond_BossaAntigua_FINAL.sv,as,Paul Desmond,1964,Bossa Antigua,441.045,7.32741857153,253.0
PaulDesmond_SambaCantina-1_FINAL,150.8,PaulDesmond_SambaCantina-1_FINAL,PaulDesmond_SambaCantina-1_FINAL.sv,as,Paul Desmond,1964,Samba Cantina,440.103,6.66425192565,292.0
PaulDesmond_SambaCantina-2_FINAL,152.7,PaulDesmond_SambaCantina-2_FINAL,PaulDesmond_SambaCantina-2_FINAL.sv,as,Paul Desmond,1964,Samba Cantina,440.677,7.81445657801,127.0
PaulDesmond_TheGirlFromEast9thStreet_FINAL,142.1,PaulDesmond_TheGirlFromEast9thStreet_FINAL,PaulDesmond_TheGirlFromEast9thStreet_FINAL.sv,as,Paul Desmond,1964,The Girl From East 9th Street,439.758,6.42196089637,271.0
RoyEldridge_BodyAndSoul_FINAL,107.0,RoyEldridge_BodyAndSoul_FINAL,RoyEldridge_BodyAndSoul_FINAL.sv,tp,Roy Eldridge,1938,Body and Soul,441.698,13.9585579396,313.0
RoyEldridge_KingDavid_FINAL,149.8,RoyEldridge_KingDavid_FINAL,RoyEldridge_KingDavid_FINAL.sv,tp,Roy Eldridge,1950,King David,436.282,10.1830063182,114.0
RoyEldridge_St.LouisBlues_FINAL,361.3,RoyEldridge_St.LouisBlues_FINAL,RoyEldridge_St.LouisBlues_FINAL.sv,tp,Roy Eldridge,1944,St. Louis Blues,437.64,7.90828893119,229.0
RoyEldridge_TheGasser-1_FINAL,231.3,RoyEldridge_TheGasser-1_FINAL,RoyEldridge_TheGasser-1_FINAL.sv,tp,Roy Eldridge,1943,The Gasser,439.234,12.4510118158,394.0
RoyEldridge_TheGasser-2_FINAL,237.7,RoyEldridge_TheGasser-2_FINAL,RoyEldridge_TheGasser-2_FINAL.sv,tp,Roy Eldridge,1943,The Gasser,440.386,10.7033727919,295.0
RoyEldridge_Undecided_FINAL,243.6,RoyEldridge_Undecided_FINAL,RoyEldridge_Undecided_FINAL.sv,tp,Roy Eldridge,1950,Undecided,434.043,14.4505924118,312.0
SidneyBechet_BabyWon'tYouPleaseComeHome_FINAL,207.0,SidneyBechet_BabyWon'tYouPleaseComeHome_FINAL,SidneyBechet_BabyWon'tYouPleaseComeHome_FINAL.sv,ss,Sidney Bechet,1941,Baby Won't You Please Come Home,440.454,11.2473394631,99.0
SidneyBechet_LimehouseBlues_FINAL,273.6,SidneyBechet_LimehouseBlues_FINAL,SidneyBechet_LimehouseBlues_FINAL.sv,ss,Sidney Bechet,1941,Limehouse Blues,440.679,7.57563367041,216.0
SidneyBechet_Summertime_FINAL,84.2,SidneyBechet_Summertime_FINAL,SidneyBechet_Summertime_FINAL.sv,ss,Sidney Bechet,1938,Summertime,451.568,12.0485123043,377.0
SonnyRollins_Airegin_FINAL,242.6,SonnyRollins_Airegin_FINAL,SonnyRollins_Airegin_FINAL.sv,ts,Sonny Rollins,1954,Airegin,444.358,10.6307726196,536.0
SonnyRollins_BlueSeven-1_FINAL,134.6,SonnyRollins_BlueSeven-1_FINAL,SonnyRollins_BlueSeven-1_FINAL.sv,ts,Sonny Rollins,1956,Blue Seven,443.234,13.4938438728,340.0
SonnyRollins_BlueSeven-2_FINAL,137.6,SonnyRollins_BlueSeven-2_FINAL,SonnyRollins_BlueSeven-2_FINAL.sv,ts,Sonny Rollins,1956,Blue Seven,442.221,9.8738197569,125.0
SonnyRollins_BlueSeven-3_FINAL,133.3,SonnyRollins_BlueSeven-3_FINAL,SonnyRollins_BlueSeven-3_FINAL.sv,ts,Sonny Rollins,1956,Blue Seven,440.269,11.9108350298,166.0
SonnyRollins_Playin'InTheYard-1_FINAL,155.2,SonnyRollins_Playin'InTheYard-1_FINAL,SonnyRollins_Playin'InTheYard-1_FINAL.sv,ts,Sonny Rollins,1972,Playin' In The Yard,440.286,4.74254099047,253.0
SonnyRollins_Playin'InTheYard-2_FINAL,159.4,SonnyRollins_Playin'InTheYard-2_FINAL,SonnyRollins_Playin'InTheYard-2_FINAL.sv,ts,Sonny Rollins,1972,Playin' In The Yard,441.274,5.3657305257,157.0
SonnyRollins_St.Thomas-1_FINAL,207.0,SonnyRollins_St.Thomas-1_FINAL,SonnyRollins_St.Thomas-1_FINAL.sv,ts,Sonny Rollins,1956,St. Thomas,440.209,10.9457013992,426.0
SonnyRollins_St.Thomas-2_FINAL,224.1,SonnyRollins_St.Thomas-2_FINAL,SonnyRollins_St.Thomas-2_FINAL.sv,ts,Sonny Rollins,1956,St. Thomas,440.131,8.29803956672,355.0
SonnyRollins_TenorMadness_FINAL,175.6,SonnyRollins_TenorMadness_FINAL,SonnyRollins_TenorMadness_FINAL.sv,ts,Sonny Rollins,1956,Tenor Madness,440.687,8.94735355682,490.0
SonnyRollins_TheEverywhereCalypso-1_FINAL,192.6,SonnyRollins_TheEverywhereCalypso-1_FINAL,SonnyRollins_TheEverywhereCalypso-1_FINAL.sv,ts,Sonny Rollins,1972,The Everywhere Calypso,438.843,6.21932583617,599.0
SonnyRollins_TheEverywhereCalypso-2_FINAL,197.2,SonnyRollins_TheEverywhereCalypso-2_FINAL,SonnyRollins_TheEverywhereCalypso-2_FINAL.sv,ts,Sonny Rollins,1972,The Everywhere Calypso,438.98,7.39093014718,919.0
SonnyRollins_VierdBlues_FINAL,114.4,SonnyRollins_VierdBlues_FINAL,SonnyRollins_VierdBlues_FINAL.sv,ts,Sonny Rollins,1956,Vierd Blues,438.865,13.1772730742,416.0
SonnyStitt_BlueMode_FINAL,60.7,SonnyStitt_BlueMode_FINAL,SonnyStitt_BlueMode_FINAL.sv,ts,Sonny Stitt,1949,Blue Mode,435.646,13.6529572951,345.0
SonnyStitt_BodyAndSoul_FINAL,67.7,SonnyStitt_BodyAndSoul_FINAL,SonnyStitt_BodyAndSoul_FINAL.sv,as,Sonny Stitt,1948,Body And Soul,445.694,8.01111481478,463.0
SonnyStitt_Elora_FINAL,192.7,SonnyStitt_Elora_FINAL,SonnyStitt_Elora_FINAL.sv,ts,Sonny Stitt,1949,Elora,435.367,12.8474075177,206.0
SonnyStitt_GoodKick_FINAL,173.4,SonnyStitt_GoodKick_FINAL,SonnyStitt_GoodKick_FINAL.sv,as,Sonny Stitt,1946,Good Kick,432.608,15.7003616135,225.0
StanGetz_BluesInTheCloset_FINAL,242.5,StanGetz_BluesInTheCloset_FINAL,StanGetz_BluesInTheCloset_FINAL.sv,ts,Stan Getz,1957,Blues In The Closet,439.577,10.6829498303,887.0
StanGetz_BodyAndSoul_FINAL,63.4,StanGetz_BodyAndSoul_FINAL,StanGetz_BodyAndSoul_FINAL.sv,ts,Stan Getz,1964,Body And Soul,439.855,9.19543554334,532.0
StanGetz_CrazyRhythm_FINAL,287.9,StanGetz_CrazyRhythm_FINAL,StanGetz_CrazyRhythm_FINAL.sv,ts,Stan Getz,1957,Crazy Rhythm,439.21,10.3216616634,1176.0
StanGetz_I'mGladThereIsYou_FINAL,67.0,StanGetz_I'mGladThereIsYou_FINAL,StanGetz_I'mGladThereIsYou_FINAL.sv,ts,Stan Getz,1957,I'm Glad There Is You,441.258,10.1525469521,186.0
StanGetz_Insensatez_FINAL,128.2,StanGetz_Insensatez_FINAL,StanGetz_Insensatez_FINAL.sv,ts,Stan Getz,1963,Insensatez,434.396,9.97637762637,154.0
StanGetz_TheGirlFromIpanema_FINAL,131.4,StanGetz_TheGirlFromIpanema_FINAL,StanGetz_TheGirlFromIpanema_FINAL.sv,ts,Stan Getz,1963,The Girl From Ipanema,438.938,11.8570735401,174.0
SteveColeman_Cross=Fade-1_FINAL,144.8,SteveColeman_Cross=Fade-1_FINAL,SteveColeman_Cross=Fade-1_FINAL.sv,as,Steve Coleman,1990,Cross-Fade,440.263,11.9887707952,129.0
SteveColeman_Cross=Fade-2_FINAL,145.9,SteveColeman_Cross=Fade-2_FINAL,SteveColeman_Cross=Fade-2_FINAL.sv,as,Steve Coleman,1990,Cross-Fade,439.894,11.1982372088,77.0
SteveColeman_PassItOn_FINAL,104.9,SteveColeman_PassItOn_FINAL,SteveColeman_PassItOn_FINAL.sv,as,Steve Coleman,1991,Pass it on,439.947,7.78593574183,324.0
SteveColeman_Processional_FINAL,103.9,SteveColeman_Processional_FINAL,SteveColeman_Processional_FINAL.sv,as,Steve Coleman,1989,Processional,441.273,9.61025307396,465.0
SteveColeman_SlippedAgain_FINAL,131.6,SteveColeman_SlippedAgain_FINAL,SteveColeman_SlippedAgain_FINAL.sv,as,Steve Coleman,1991,Slipped again,439.314,7.69884270601,258.0
SteveColeman_TakeTheColtrane_FINAL,240.0,SteveColeman_TakeTheColtrane_FINAL,SteveColeman_TakeTheColtrane_FINAL.sv,as,Steve Coleman,1988,Take The Coltrane,434.592,8.89134912275,967.0
SteveColeman_TheOracle-1_FINAL,97.7,SteveColeman_TheOracle-1_FINAL,SteveColeman_TheOracle-1_FINAL.sv,as,Steve Coleman,1989,The Oracle,441.238,9.20376512066,548.0
SteveLacy_AloneTogether_FINAL,134.9,SteveLacy_AloneTogether_FINAL,SteveLacy_AloneTogether_FINAL.sv,ss,Steve Lacy,1957,Alone together,442.421,9.64083878554,202.0
SteveLacy_AskMeNow_FINAL,85.4,SteveLacy_AskMeNow_FINAL,SteveLacy_AskMeNow_FINAL.sv,ss,Steve Lacy,1958,Ask me now,442.135,8.35986985161,181.0
SteveLacy_EasyToLove_FINAL,166.3,SteveLacy_EasyToLove_FINAL,SteveLacy_EasyToLove_FINAL.sv,ss,Steve Lacy,1957,Easy To Love,440.752,6.36065705649,651.0
SteveLacy_Let'sCoolOne_FINAL,132.2,SteveLacy_Let'sCoolOne_FINAL,SteveLacy_Let'sCoolOne_FINAL.sv,ss,Steve Lacy,1961,Let's Cool One,432.188,7.84947716407,335.0
SteveLacy_Work_FINAL,165.9,SteveLacy_Work_FINAL,SteveLacy_Work_FINAL.sv,ss,Steve Lacy,1957,Work,441.803,7.38877595529,303.0
SteveTurre_DatDere_FINAL,116.0,SteveTurre_DatDere_FINAL,SteveTurre_DatDere_FINAL.sv,tb,Steve Turre,1987,Dat Dere,440.165,8.60409507504,484.0
SteveTurre_IfIWereABell_FINAL,257.1,SteveTurre_IfIWereABell_FINAL,SteveTurre_IfIWereABell_FINAL.sv,tb,Steve Turre,1987,If I Were A Bell,441.118,7.39498054965,292.0
SteveTurre_Steve'sBlues_FINAL,204.3,SteveTurre_Steve'sBlues_FINAL,SteveTurre_Steve'sBlues_FINAL.sv,tb,Steve Turre,1987,Steve's Blues,440.527,8.58772477153,250.0
WayneShorter_Adam'sApple_FINAL,174.4,WayneShorter_Adam'sApple_FINAL,WayneShorter_Adam'sApple_FINAL.sv,ts,Wayne Shorter,1966,Adam's Apple,434.431,9.25105899404,344.0
WayneShorter_Dolores_FINAL,277.4,WayneShorter_Dolores_FINAL,WayneShorter_Dolores_FINAL.sv,ts,Wayne Shorter,1966,Dolores,440.373,9.43848158366,403.0
WayneShorter_DownUnder_FINAL,147.1,WayneShorter_DownUnder_FINAL,WayneShorter_DownUnder_FINAL.sv,ts,Wayne Shorter,1961,Down Under,440.614,9.77247178142,246.0
WayneShorter_E.S.P._FINAL,284.5,WayneShorter_E.S.P._FINAL,WayneShorter_E.S.P._FINAL.sv,ts,Wayne Shorter,1964,E.S.P.,440.411,11.5113064923,340.0
WayneShorter_Footprints_FINAL,136.1,WayneShorter_Footprints_FINAL,WayneShorter_Footprints_FINAL.sv,ts,Wayne Shorter,1966,Footprints,434.833,8.41769138267,400.0
WayneShorter_InfantEyes_FINAL,51.3,WayneShorter_InfantEyes_FINAL,WayneShorter_InfantEyes_FINAL.sv,ts,Wayne Shorter,1964,Infant Eyes,438.335,14.8125462694,155.0
WayneShorter_Juju_FINAL,178.2,WayneShorter_Juju_FINAL,WayneShorter_Juju_FINAL.sv,ts,Wayne Shorter,1964,Juju,438.569,7.98496024534,688.0
WayneShorter_MaidenVoyage_FINAL,125.4,WayneShorter_MaidenVoyage_FINAL,WayneShorter_MaidenVoyage_FINAL.sv,ts,Wayne Shorter,1965,Maiden Voyage,437.573,11.448194677,217.0
WayneShorter_Orbits_FINAL,267.1,WayneShorter_Orbits_FINAL,WayneShorter_Orbits_FINAL.sv,ts,Wayne Shorter,1966,Orbits,441.155,8.15308821608,248.0
WayneShorter_SpeakNoEvil_FINAL,142.7,WayneShorter_SpeakNoEvil_FINAL,WayneShorter_SpeakNoEvil_FINAL.sv,ts,Wayne Shorter,1964,Speak No Evil,438.756,10.073131194,438.0
WoodyShaw_DatDere_FINAL,114.7,WoodyShaw_DatDere_FINAL,WoodyShaw_DatDere_FINAL.sv,tp,Woody Shaw,1987,Dat Dere,440.349,6.81068297006,386.0
WoodyShaw_IfIWereABell_FINAL,252.3,WoodyShaw_IfIWereABell_FINAL,WoodyShaw_IfIWereABell_FINAL.sv,tp,Woody Shaw,1987,If I Were A Bell,440.456,7.12451338875,289.0
WoodyShaw_Imagination_FINAL,60.1,WoodyShaw_Imagination_FINAL,WoodyShaw_Imagination_FINAL.sv,tp,Woody Shaw,1987,Imagination,440.394,9.83372960644,336.0
WoodyShaw_InACapricornianWay_FINAL,171.8,WoodyShaw_InACapricornianWay_FINAL,WoodyShaw_InACapricornianWay_FINAL.sv,cor,Woody Shaw,1978,In A Capricornian Way,439.056,9.72352814046,762.0
WoodyShaw_Rosewood_FINAL,171.7,WoodyShaw_Rosewood_FINAL,WoodyShaw_Rosewood_FINAL.sv,tp,Woody Shaw,1977,Rosewood,440.209,10.1227241566,392.0
WoodyShaw_Steve'sBlues_FINAL,205.5,WoodyShaw_Steve'sBlues_FINAL,WoodyShaw_Steve'sBlues_FINAL.sv,tp,Woody Shaw,1987,Steve's Blues,440.321,8.8925037142,271.0
